{
    "1": 1837.152587390918,
    "2": 7296.2989187097455,
    "3": 12789.392902284651,
    "4": 16428.20279248665,
    "5": 20068.735312306966,
    "6": 21874.661819949906,
    "7": 25526.042349144434,
    "8": 29156.946371987007,
    "9": 34631.97006201015,
    "10": 36443.98866296994,
    "11": 41907.787005702485,
    "12": 43722.05687394125,
    "13": 49184.3349276773,
    "14": 50998.81807386881,
    "15": 56461.71408680127,
    "16": 58281.52006736897,
    "17": 63744.31946721174,
    "18": 72846.96780369294
}
